{
  "hash": "98098992",
  "configHash": "5a5b9fbd",
  "lockfileHash": "4a00fb02",
  "browserHash": "0751aab5",
  "optimized": {
    "@angular/core": {
      "src": "../../../../../node_modules/@angular/core/fesm2022/core.mjs",
      "file": "@angular_core.js",
      "fileHash": "551a4c48",
      "needsInterop": false
    },
    "@angular/platform-browser": {
      "src": "../../../../../node_modules/@angular/platform-browser/fesm2022/platform-browser.mjs",
      "file": "@angular_platform-browser.js",
      "fileHash": "b70aefdd",
      "needsInterop": false
    },
    "@angular/router": {
      "src": "../../../../../node_modules/@angular/router/fesm2022/router.mjs",
      "file": "@angular_router.js",
      "fileHash": "92ace19b",
      "needsInterop": false
    }
  },
  "chunks": {
    "chunk-QYTUNPXG": {
      "file": "chunk-QYTUNPXG.js"
    },
    "chunk-VE4PK55K": {
      "file": "chunk-VE4PK55K.js"
    }
  }
}